{"name":"dd98bea6-63e2-498c-90e8-f6d27fcd4e1f","id":"/providers/Microsoft.Flow/flows/dd98bea6-63e2-498c-90e8-f6d27fcd4e1f","type":"Microsoft.Flow/flows","properties":{"apiId":"/providers/Microsoft.PowerApps/apis/shared_logicflows","displayName":"SPJEFF-Translation","definition":{"metadata":{"workflowEntityId":null,"processAdvisorMetadata":null,"flowclientsuspensionreason":"None","flowclientsuspensiontime":null,"creator":{"id":"45f4af2f-e9e9-48a9-93c5-00df32aa7488","type":"User","tenantId":"0a9449ca-3619-4fca-8644-bdd67d0c8ca6"},"provisioningMethod":"FromDefinition","failureAlertSubscription":true,"clientLastModifiedTime":"2022-02-13T16:02:52.8475238Z"},"$schema":"https://schema.management.azure.com/providers/Microsoft.Logic/schemas/2016-06-01/workflowdefinition.json#","contentVersion":"1.0.0.0","parameters":{"$connections":{"defaultValue":{},"type":"Object"},"$authentication":{"defaultValue":{},"type":"SecureObject"}},"triggers":{"When_a_file_is_created_(properties_only)":{"recurrence":{"frequency":"Minute","interval":1},"splitOn":"@triggerOutputs()?['body/value']","metadata":{"operationMetadataId":"7cd07abd-d3c4-489d-bfbd-1ac8e312632c"},"type":"OpenApiConnection","inputs":{"host":{"apiId":"/providers/Microsoft.PowerApps/apis/shared_sharepointonline","connectionName":"shared_sharepointonline","operationId":"GetOnNewFileItems"},"parameters":{"dataset":"https://spjeff.sharepoint.com/sites/Portal","table":"Site Pages"},"authentication":"@parameters('$authentication')"}}},"actions":{"Compose":{"runAfter":{},"metadata":{"operationMetadataId":"7645b4d2-2fd2-4602-b7b7-6bd72fbabe53"},"type":"Compose","inputs":"@replace(replace(triggerBody()?['{Path}'], 'SitePages',''),'/','')"},"Compose_2":{"runAfter":{"Compose":["Succeeded"]},"metadata":{"operationMetadataId":"64d95d2a-dd02-4216-83e1-0f08f0cc6ec3"},"type":"Compose","inputs":{"siteURL":"https://spjeff.sharepoint.com/sites/portal","language":"@{outputs('Compose')}","pageTitle":"@{triggerOutputs()?['body/{Name}']}"}},"HTTP":{"runAfter":{"Compose_2":["Succeeded"]},"metadata":{"operationMetadataId":"70ddd51a-07cc-4b2d-86e6-522ed8e79f6e"},"type":"Http","inputs":{"method":"POST","uri":"https://spjeff-translation.azurewebsites.net/api/HttpTrigger1?code=oGUiFNX/jIQikltVNawAoREE3S7p4GBfSzQXvgN3m0KJiL048ygBHQ==","body":"@outputs('Compose_2')"}}}},"connectionReferences":{"shared_sharepointonline":{"connectionName":"f97c4bbda1f94733ba947588e5d9e3f4","source":"Embedded","id":"/providers/Microsoft.PowerApps/apis/shared_sharepointonline","tier":"NotSpecified"}},"flowFailureAlertSubscribed":false}}